<?xml version="1.0" encoding="UTF-8"?>

<!DOCTYPE dwr PUBLIC
    "-//GetAhead Limited//DTD Direct Web Remoting 3.0//EN"
    "http://getahead.org/dwr//dwr30.dtd">

<dwr>
  <allow>
    <create creator="new" javascript="Zaiko">
      <param name="class" value="jp.ac.oit.igakilab.dwr.zaiko.Zaiko"/>
    </create>
    <convert converter="bean" match="jp.ac.oit.igakilab.dwr.zaiko.*" />
    <convert converter="exception" match="java.lang.Exception" />
    <convert converter="bean" match="java.lang.StackTraceElement"/>
  </allow>
</dwr>
